date,serial_id,temp_celsius,humidity,latitude,longitude
2023-01-01,OC3CL200012,2.391304347826087,46.65217391304348,37.54400194,127.0697313
2023-01-01,OC3CL200013,0.1782608695652174,51.21739130434783,37.58346942,126.9826224
2023-01-01,OC3CL200014,2.778260869565217,56.391304347826086,37.56357368,126.9845038
2023-01-01,OC3CL200018,1.934782608695652,53.78260869565217,37.54688198,127.0416428
2023-01-01,OC3CL200020,1.7043478260869567,45.73913043478261,37.50127401,127.0263768
2023-01-01,OC3CL200021,1.4913043478260868,55.95652173913044,37.52553243,127.0282295
2023-01-01,OC3CL200022,1.4608695652173913,48.56521739130435,37.50309199,127.0498755
2023-01-01,OC3CL200023,1.2956521739130435,43.52173913043478,37.50359652,127.0515922
2023-01-01,OC3CL200027,1.2782608695652173,51.69565217391305,37.55904218,126.8360833
2023-01-01,OC3CL200028,2.273913043478261,49.91304347826087,37.47915422,126.9537097
2023-01-01,OC3CL200029,2.0826086956521737,48.65217391304348,37.53768025,127.0852125
2023-01-01,OC3CL200036,1.0391304347826087,54.26086956521739,37.60514575,126.9235772
2023-01-01,OC3CL200037,0.6,49.17391304347826,37.58142997,126.9846468
2023-01-01,OC3CL200041,1.7391304347826086,54.391304347826086,37.56384606,126.9818665
2023-01-01,OC3CL200048,2.160869565217391,48.391304347826086,37.6535602,127.0462197
2023-01-01,OC3CL200050,2.0782608695652174,55.30434782608695,37.66184473,127.0477197
2023-01-01,OC3CL200051,1.6782608695652175,48.82608695652174,37.64934955,127.0348639
2023-01-01,OC3CL200053,0.8956521739130435,52.73913043478261,37.65690709,127.0463949
2023-01-01,OC3CL200054,0.8956521739130434,44.608695652173914,37.48244974,127.0373399
2023-01-01,OC3CL200055,0.7695652173913043,53.30434782608695,37.50089183,127.0008701
2023-01-01,OC3CL200057,2.108695652173913,46.26086956521739,37.47468281,126.8874063
2023-01-01,OC3CL200063,0.8826086956521739,45.0,37.66113377,127.0363947
2023-01-01,OC3CL200067,-0.42608695652173917,52.73913043478261,37.54803257,126.8606334
2023-01-01,OC3CL200069,0.3565217391304348,55.95652173913044,37.62220907,126.9302785
2023-01-01,OC3CL200070,0.4956521739130434,56.0,37.5272027,127.121662
2023-01-01,OC3CL200073,0.9391304347826087,48.56521739130435,37.49928608,126.9440571
2023-01-01,OC3CL200075,1.4043478260869564,54.91304347826087,37.50061909,127.0260189
2023-01-01,OC3CL200078,1.0,45.47826086956522,37.49793848,127.0268137
2023-01-01,OC3CL200079,1.691304347826087,47.21739130434783,37.48573247,126.9833962
2023-01-01,OC3CL200082,0.34782608695652173,53.52173913043478,37.58013454,126.7999832
2023-01-01,OC3CL200085,0.5652173913043478,47.130434782608695,37.50205663,127.0154344
2023-01-01,OC3CL200091,-0.20869565217391303,51.78260869565217,37.54855912,127.170907
2023-01-01,OC3CL200092,0.29130434782608694,52.52173913043478,37.55888187,127.1356067
2023-01-01,OC3CL200093,1.2869565217391306,51.130434782608695,37.53821966,127.134581
2023-01-01,OC3CL200096,2.017391304347826,48.56521739130435,37.55500134,126.9053084
2023-01-01,OC3CL200099,1.0391304347826087,47.608695652173914,37.53062449,127.1284073
2023-01-01,OC3CL200104,1.5521739130434784,51.34782608695652,37.64061679,127.021637
2023-01-01,OC3CL200105,1.0782608695652174,51.0,37.54771228,127.1726824
2023-01-01,OC3CL200106,2.617391304347826,54.78260869565217,37.53312245,127.1323931
2023-01-01,OC3CL200110,0.26521739130434785,54.47826086956522,37.55465728,127.1328591
2023-01-01,OC3CL200112,0.8478260869565217,50.391304347826086,37.50589814,126.8642202
2023-01-01,OC3CL200114,0.38260869565217387,56.43478260869565,37.54799097,127.1261418
2023-01-01,OC3CL200115,1.0826086956521739,51.47826086956522,37.5436034,126.8738447
2023-01-01,OC3CL200116,1.2260869565217392,54.47826086956522,37.49622929,126.9385648
2023-01-01,OC3CL200118,0.13913043478260875,49.30434782608695,37.47885234,126.9756084
2023-01-01,OC3CL200119,1.6521739130434783,51.08695652173913,37.49460854,126.9327849
2023-01-01,OC3CL200120,1.5086956521739132,54.95652173913044,37.49011052,126.9097343
2023-01-01,OC3CL200125,1.5130434782608695,49.56521739130435,37.66369367,127.0486212
2023-01-01,OC3CL200133,1.808695652173913,46.52173913043478,37.6146516,127.028974
2023-01-01,OC3CL200134,3.134782608695652,46.0,37.63736615,127.0291526
2023-01-01,OC3CL200137,1.1130434782608696,47.52173913043478,37.66079952,127.0507561
2023-01-01,OC3CL200138,0.2652173913043478,51.78260869565217,37.59771864,126.9500063
2023-01-01,OC3CL200139,1.3043478260869565,47.34782608695652,37.51418744,126.8767166
2023-01-01,OC3CL200141,1.7304347826086954,49.47826086956522,37.4886613,127.1067158
2023-01-01,OC3CL200142,0.7956521739130435,45.34782608695652,37.56718217,127.0771395
2023-01-01,OC3CL200144,1.9130434782608696,48.82608695652174,37.61649398,127.059657
2023-01-01,OC3CL200145,1.591304347826087,50.73913043478261,37.63330095,127.0393869
2023-01-01,OC3CL200160,1.2304347826086957,49.21739130434783,37.65334887,127.0606327
2023-01-01,OC3CL200162,1.2913043478260868,55.34782608695652,37.47467186,127.0004762
2023-01-01,OC3CL200163,0.6695652173913044,48.52173913043478,37.46072485,127.035673
2023-01-01,OC3CL200164,1.2391304347826086,53.30434782608695,37.56058905,127.0697265
2023-01-01,OC3CL200171,-0.33043478260869563,55.869565217391305,37.55869892,127.1443342
2023-01-01,OC3CL200173,1.5608695652173912,48.17391304347826,37.48248677,126.9141546
2023-01-01,OC3CL200175,1.0043478260869565,45.130434782608695,37.47950461,127.050789
2023-01-01,OC3CL200177,0.9086956521739131,54.65217391304348,37.58870084,126.802494
2023-01-01,OC3CL200178,0.004347826086956525,51.52173913043478,37.56759287,126.8189344
2023-01-01,OC3CL200179,0.3,56.30434782608695,37.55712905,126.8225904
2023-01-01,OC3CL200180,0.8739130434782609,49.21739130434783,37.56421468,126.833869
2023-01-01,OC3CL200181,0.591304347826087,55.78260869565217,37.56474481,126.8534306
2023-01-01,OC3CL200189,0.7608695652173914,51.30434782608695,37.47906596,126.9265235
2023-01-01,OC3CL200190,0.42608695652173917,48.82608695652174,37.54768518,127.106921
2023-01-01,OC3CL200193,0.9260869565217391,44.130434782608695,37.48482285,126.9014312
2023-01-01,OC3CL200195,0.9391304347826087,50.73913043478261,37.60487617,127.0708027
2023-01-01,OC3CL200196,1.4782608695652173,51.56521739130435,37.58753193,127.0425772
2023-01-01,OC3CL200197,1.7956521739130433,45.69565217391305,37.5810902,127.0450743
2023-01-01,OC3CL200201,0.4739130434782609,49.91304347826087,37.57086928,127.0048453
2023-01-01,OC3CL200202,1.7043478260869567,47.43478260869565,37.59427032,127.0741118
2023-01-01,OC3CL200207,2.373913043478261,44.95652173913044,37.49495788,127.1241947
2023-01-01,OC3CL200211,1.6130434782608696,53.391304347826086,37.56921374,126.9821286
2023-01-01,OC3CL200215,0.8782608695652173,51.30434782608695,37.59082129,126.9409275
2023-01-01,OC3CL200216,1.0304347826086957,49.52173913043478,37.54884166,127.0604063
2023-01-01,OC3CL200219,0.7304347826086957,45.30434782608695,37.5722213,127.0135165
2023-01-01,OC3CL200227,2.256521739130435,44.30434782608695,37.56124567,127.0394969
2023-01-01,OC3CL200245,1.3869565217391304,47.69565217391305,37.58467,127.06033
2023-01-01,OC3CL210102,1.4130434782608696,55.78260869565217,37.532012,127.132767
2023-01-01,OC3CL210103,0.5695652173913044,55.47826086956522,37.541053,127.129818
2023-01-01,OC3CL210104,1.2652173913043478,55.73913043478261,37.543174,127.131691
2023-01-01,OC3CL210111,1.2086956521739132,52.47826086956522,37.530736,127.132165
2023-01-01,OC3DL2200016,0.40869565217391307,45.608695652173914,37.58784932,126.91986777
2023-01-01,OC3DL2200017,0.8913043478260869,44.52173913043478,37.59122386,126.91605056
2023-01-01,OC3DL2200018,0.3826086956521739,47.43478260869565,37.59456964,126.91181519
2023-01-01,V02Q1940043,3.582608695652174,44.08695652173913,37.490028638,126.883553746
2023-01-01,V02Q1940044,2.8130434782608695,44.73913043478261,37.491831149,126.889155382
2023-01-01,V02Q1940045,2.634782608695652,44.30434782608695,37.489587945,126.876439453
2023-01-01,V02Q1940046,2.2304347826086954,47.04347826086956,37.494402621,126.831472122
2023-01-01,V02Q1940047,3.008695652173913,43.56521739130435,37.4827275,126.8906834
2023-01-01,V02Q1940049,2.721739130434783,44.73913043478261,37.576689908,127.036277298
2023-01-01,V02Q1940050,2.0434782608695654,47.130434782608695,37.499541706,126.850773326
2023-01-01,V02Q1940051,2.726086956521739,44.26086956521739,37.484557315,126.853709582
2023-01-01,V02Q1940052,3.8434782608695657,41.73913043478261,37.487180792,126.889626281
2023-01-01,V02Q1940053,1.7608695652173914,48.08695652173913,37.565040748,126.978885858
2023-01-01,V02Q1940054,2.508695652173913,45.869565217391305,37.490491176,126.855377723
2023-01-01,V02Q1940056,1.4434782608695653,48.30434782608695,37.487430327,126.838527418
2023-01-01,V02Q1940057,2.0956521739130434,47.34782608695652,37.505264288,126.845127433
2023-01-01,V02Q1940058,2.378260869565217,45.73913043478261,37.579775245,127.062025196
2023-01-01,V02Q1940060,2.0826086956521737,47.26086956521739,37.483397241,127.08623385
2023-01-01,V02Q1940061,1.3304347826086957,48.95652173913044,37.505279963,126.874621662
2023-01-01,V02Q1940062,1.9565217391304348,48.73913043478261,37.548823986,126.843475769
2023-01-01,V02Q1940063,2.1739130434782608,47.73913043478261,37.51606159,127.061880097
2023-01-01,V02Q1940064,1.9695652173913045,48.08695652173913,37.611079418,127.055516594
2023-01-01,V02Q1940065,2.2086956521739127,47.17391304347826,37.505683034,126.858610249
2023-01-01,V02Q1940066,1.3869565217391304,50.47826086956522,37.567219313,126.847516511
2023-01-01,V02Q1940067,1.8,49.43478260869565,37.454335096,127.061884287
2023-01-01,V02Q1940069,1.8869565217391304,48.56521739130435,37.549804868,126.870225166
2023-01-01,V02Q1940070,1.8,48.69565217391305,37.486832676,126.823712057
2023-01-01,V02Q1940071,1.7130434782608694,48.78260869565217,37.536238786,126.824270656
2023-01-01,V02Q1940072,2.634782608695652,48.43478260869565,37.551836444,126.845860744
2023-01-01,V02Q1940073,2.5391304347826087,45.91304347826087,37.493826068,126.884076842
2023-01-01,V02Q1940074,2.4608695652173913,44.91304347826087,37.520313815,126.896995184
2023-01-01,V02Q1940075,2.6913043478260867,46.34782608695652,37.667384076,127.053456508
2023-01-01,V02Q1940076,2.6695652173913045,44.34782608695652,37.622023532,127.077480597
2023-01-01,V02Q1940077,2.591304347826087,45.869565217391305,37.490952078,126.896560561
2023-01-01,V02Q1940079,3.4826086956521745,43.52173913043478,37.494102447,127.082209375
2023-01-01,V02Q1940081,2.973913043478261,43.869565217391305,37.571324256,127.051002473
2023-01-01,V02Q1940082,1.7652173913043478,48.56521739130435,37.495507594,127.085748474
2023-01-01,V02Q1940083,2.2086956521739127,47.65217391304348,37.491370956,126.860779702
2023-01-01,V02Q1940084,1.8347826086956522,47.30434782608695,37.57837517,127.062435444
2023-01-01,V02Q1940085,3.526086956521739,42.95652173913044,37.568335627,127.065888469
2023-01-01,V02Q1940086,1.9695652173913043,46.17391304347826,37.497754034,126.863310732
2023-01-01,V02Q1940088,2.773913043478261,45.0,37.567820321,127.052534714
2023-01-01,V02Q1940089,2.6,45.26086956521739,37.591920242,127.054625269
2023-01-01,V02Q1940090,1.4173913043478261,48.52173913043478,37.491671862,126.823131106
2023-01-01,V02Q1940091,2.591304347826087,44.34782608695652,37.656045003,127.043718917
2023-01-01,V02Q1940092,2.226086956521739,46.78260869565217,37.57114055,127.064521783
2023-01-01,V02Q1940094,2.182608695652174,48.0,37.46682943,127.10889293
2023-01-01,V02Q1940095,2.639130434782609,45.78260869565217,37.532916258,126.868390948
2023-01-01,V02Q1940096,2.5130434782608697,45.78260869565217,37.562987565,127.05958716
2023-01-01,V02Q1940097,1.6565217391304348,51.65217391304348,37.585227838,127.065532717
2023-01-01,V02Q1940098,1.8869565217391304,48.56521739130435,37.4863055,127.099588
2023-01-01,V02Q1940099,2.9,43.95652173913044,37.590513804,127.056930217
2023-01-01,V02Q1940100,1.8434782608695652,47.17391304347826,37.494978959,127.093144214
2023-01-01,V02Q1940101,1.908695652173913,47.17391304347826,37.57335724,127.032539856
2023-01-01,V02Q1940102,1.6521739130434783,50.869565217391305,37.480834588,127.080968797
2023-01-01,V02Q1940103,1.4304347826086956,53.08695652173913,37.57904271,126.818492233
2023-01-01,V02Q1940104,2.1739130434782608,47.82608695652174,37.555155624,126.858558005
2023-01-01,V02Q1940105,1.9565217391304348,49.0,37.572875749,126.815190398
2023-01-01,V02Q1940106,3.0130434782608693,44.78260869565217,37.577580837,127.047193641
2023-01-01,V02Q1940107,1.808695652173913,45.608695652173914,37.620774122,127.012353218
2023-01-01,V02Q1940108,2.6739130434782608,46.56521739130435,37.603444027,127.06553159
2023-01-01,V02Q1940109,2.0695652173913044,47.30434782608695,37.590780051,127.067112341
2023-01-01,V02Q1940110,2.1782608695652175,48.391304347826086,37.518290648,126.932965336
2023-01-01,V02Q1940111,3.127272727272727,54.63636363636363,37.509299493,126.87838005
2023-01-01,V02Q1940112,2.317391304347826,47.130434782608695,37.556504509,127.071193511
2023-01-01,V02Q1940113,1.7434782608695654,50.30434782608695,37.554503973,126.87417544
2023-01-01,V02Q1940114,1.891304347826087,49.91304347826087,37.569296789,126.842732481
2023-01-01,V02Q1940115,2.1478260869565218,46.47826086956522,37.598042814,127.065557335
2023-01-01,V02Q1940116,2.247826086956522,46.26086956521739,37.575544428,127.023874031
2023-01-01,V02Q1940117,2.2043478260869565,46.26086956521739,37.508537127,127.087141735
2023-01-01,V02Q1940118,2.2695652173913046,44.78260869565217,37.582389091,127.031492377
2023-01-01,V02Q1940119,3.4782608695652173,42.34782608695652,37.570142567,127.072957047
2023-01-01,V02Q1940120,2.7043478260869565,45.17391304347826,37.579466431,127.072446389
2023-01-01,V02Q1940122,3.0,43.43478260869565,37.585715992,127.047911727
2023-01-01,V02Q1940123,2.591304347826087,45.52173913043478,37.494899122,127.061842654
2023-01-01,V02Q1940124,2.2304347826086954,48.04347826086956,37.553382259,126.832575772
2023-01-01,V02Q1940126,2.0608695652173914,48.04347826086956,37.578362144,126.815908769
2023-01-01,V02Q1940127,2.3,47.91304347826087,37.536201119,126.901221667
2023-01-01,V02Q1940128,1.4043478260869564,51.52173913043478,37.674109621,127.081840073
2023-01-01,V02Q1940130,1.7173913043478262,50.65217391304348,37.561248775,126.859664345
2023-01-01,V02Q1940131,2.5130434782608693,45.43478260869565,37.594485209,127.021195754
2023-01-01,V02Q1940132,1.9043478260869564,45.69565217391305,37.64010401,127.072986056
2023-01-01,V02Q1940133,2.182608695652174,48.04347826086956,37.536855914,126.894849555
2023-01-01,V02Q1940134,1.7652173913043478,49.0,37.555797885,127.075819699
2023-01-01,V02Q1940135,1.0695652173913044,53.0,37.690991222,127.042373479
2023-01-01,V02Q1940136,3.243478260869565,43.34782608695652,37.489467486,126.884839411
2023-01-01,V02Q1940137,1.4695652173913043,47.21739130434783,37.627319486,127.02715057
2023-01-01,V02Q1940138,2.091304347826087,49.04347826086956,37.557637123,126.939253586
2023-01-01,V02Q1940139,0.7391304347826086,54.69565217391305,37.643766055,126.924565394
2023-01-01,V02Q1940140,1.9043478260869564,47.30434782608695,37.502484707,126.851040478
2023-01-01,V02Q1940141,2.2086956521739127,48.78260869565217,37.497606293,127.001384085
2023-01-01,V02Q1940142,2.1217391304347823,50.391304347826086,37.550545015,127.127872534
2023-01-01,V02Q1940143,2.21304347826087,48.91304347826087,37.605853317,127.049738379
2023-01-01,V02Q1940144,3.3000000000000003,44.130434782608695,37.482556335,126.994604356
2023-01-01,V02Q1940145,2.130434782608696,46.869565217391305,37.514024187,127.021681163
2023-01-01,V02Q1940147,2.317391304347826,44.869565217391305,37.613086579,127.06171539
2023-01-01,V02Q1940148,4.247826086956522,44.391304347826086,37.499989798,126.987037023
2023-01-01,V02Q1940149,3.226086956521739,44.73913043478261,37.485060546,127.044068025
2023-01-01,V02Q1940150,1.7130434782608694,46.65217391304348,37.644166701,127.060686742
2023-01-01,V02Q1940151,1.5999999999999999,49.130434782608695,37.679160221,127.052082794
2023-01-01,V02Q1940152,2.4434782608695653,47.130434782608695,37.506539586,127.045727927
2023-01-01,V02Q1940153,0.32173913043478264,54.04347826086956,37.679806447,127.063059454
2023-01-01,V02Q1940154,2.8391304347826085,43.78260869565217,37.642158807,127.069869839
2023-01-01,V02Q1940155,1.1391304347826086,49.47826086956522,37.605953574,127.094129017
2023-01-01,V02Q1940156,2.817391304347826,44.04347826086956,37.566674857,127.045521513
2023-01-01,V02Q1940157,1.9869565217391305,45.69565217391305,37.631641144,127.067454166
2023-01-01,V02Q1940158,2.5304347826086957,49.608695652173914,37.502806383,126.990497074
2023-01-01,V02Q1940159,3.847826086956522,43.47826086956522,37.59769087,127.072823222
2023-01-01,V02Q1940160,0.5826086956521739,50.82608695652174,37.647918746,127.012456138
2023-01-01,V02Q1940161,2.4956521739130433,46.69565217391305,37.526342753,127.037461441
2023-01-01,V02Q1940162,2.252173913043478,46.56521739130435,37.530599306,126.840569244
2023-01-01,V02Q1940163,1.9782608695652173,49.52173913043478,37.559388276,126.809855638
2023-01-01,V02Q1940164,2.3043478260869565,45.43478260869565,37.488586874,127.067987758
2023-01-01,V02Q1940166,1.7434782608695654,50.0,37.55785223,126.84901801
2023-01-01,V02Q1940167,2.369565217391304,47.47826086956522,37.544819726,126.835843451
2023-01-01,V02Q1940168,1.708695652173913,48.17391304347826,37.514939027,126.896987864
2023-01-01,V02Q1940169,2.382608695652174,46.91304347826087,37.496512896,126.906686025
2023-01-01,V02Q1940170,2.608695652173913,45.56521739130435,37.521738405,126.896683314
2023-01-01,V02Q1940171,1.9217391304347828,47.47826086956522,37.524130023,126.898604915
2023-01-01,V02Q1940172,2.1956521739130435,46.65217391304348,37.574032599,127.089326245
2023-01-01,V02Q1940173,2.139130434782609,46.65217391304348,37.534009732,126.861066828
2023-01-01,V02Q1940174,2.3217391304347825,46.26086956521739,37.523659,126.884558
2023-01-01,V02Q1940175,2.034782608695652,47.52173913043478,37.527788143,127.046799226
2023-01-01,V02Q1940176,2.1043478260869564,47.43478260869565,37.506180006,126.921438321
2023-01-01,V02Q1940177,2.5478260869565217,45.608695652173914,37.502278254,127.053964693
2023-01-01,V02Q1940178,2.0304347826086957,48.56521739130435,37.521053134,127.019456063
2023-01-01,V02Q1940179,2.6608695652173915,46.21739130434783,37.5438817,126.84786
2023-01-01,V02Q1940180,1.3782608695652174,50.34782608695652,37.538037714,126.862833631
2023-01-01,V02Q1940181,2.134782608695652,47.78260869565217,37.527577084,126.843082012
2023-01-01,V02Q1940182,3.008695652173913,44.391304347826086,37.532378944,126.855337105
2023-01-01,V02Q1940183,1.826086956521739,49.73913043478261,37.647742881,127.081122563
2023-01-01,V02Q1940184,2.7913043478260873,45.391304347826086,37.514197813,126.909456953
2023-01-01,V02Q1940185,2.369565217391304,46.17391304347826,37.509659941,126.896172376
2023-01-01,V02Q1940187,2.821739130434783,46.34782608695652,37.552957569,126.851359963
2023-01-01,V02Q1940188,2.4173913043478263,45.21739130434783,37.502138725,126.905167906
2023-01-01,V02Q1940189,1.1217391304347826,51.130434782608695,37.541750463,126.851591698
2023-01-01,V02Q1940190,2.708695652173913,45.69565217391305,37.496530966,126.98241676
2023-01-01,V02Q1940191,3.108695652173913,44.69565217391305,37.585408006,127.079020497
2023-01-01,V02Q1940192,2.660869565217391,47.869565217391305,37.522242728,127.053451588
2023-01-01,V02Q1940193,2.126086956521739,47.21739130434783,37.5311064,126.84994285
2023-01-01,V02Q1940194,2.821739130434783,44.608695652173914,37.482801864,126.979531094
2023-01-01,V02Q1940195,2.917391304347826,44.04347826086956,37.57867312,127.08632442
2023-01-01,V02Q1940197,2.426086956521739,45.30434782608695,37.507058735,126.907091695
2023-01-01,V02Q1940198,2.5478260869565217,44.69565217391305,37.500012753,126.910807498
2023-01-01,V02Q1940199,2.2304347826086954,46.26086956521739,37.520309388,126.910441409
2023-01-01,V02Q1940201,2.6695652173913045,46.130434782608695,37.483264904,127.013087171
2023-01-01,V02Q1940202,2.739130434782609,45.08695652173913,37.560119378,127.079537928
2023-01-01,V02Q1940203,1.2043478260869565,49.47826086956522,37.669322061,127.032315603
2023-01-01,V02Q1940204,2.508695652173913,44.95652173913044,37.546696348,127.072036473
2023-01-01,V02Q1940205,3.1130434782608694,43.82608695652174,37.659465824,127.037995194
2023-01-01,V02Q1940206,2.9565217391304346,45.34782608695652,37.609442,127.034101399
2023-01-01,V02Q1940207,1.826086956521739,45.869565217391305,37.617077135,127.01527246
2023-01-01,V02Q1940208,1.3782608695652174,50.78260869565217,37.610598263,126.931352835
2023-01-01,V02Q1940209,2.5608695652173914,46.91304347826087,37.559024868,127.090120711
2023-01-01,V02Q1940210,1.6130434782608696,46.608695652173914,37.660883747,127.07885917
2023-01-01,V02Q1940215,2.243478260869565,45.21739130434783,37.6269977,127.079123124
2023-01-01,V02Q1940216,1.6608695652173915,47.08695652173913,37.651978806,127.064043899
2023-01-01,V02Q1940217,2.1695652173913045,47.34782608695652,37.51352713,126.925917082
2023-01-01,V02Q1940218,2.5304347826086957,44.26086956521739,37.609849426,127.076300976
2023-01-01,V02Q1940219,2.5826086956521737,45.130434782608695,37.511651571,126.895729526
2023-01-01,V02Q1940220,3.1652173913043478,42.130434782608695,37.449538031,126.914702737
2023-01-01,V02Q1940221,2.8304347826086955,45.08695652173913,37.518912125,126.907705399
2023-01-01,V02Q1940222,2.130434782608696,45.91304347826087,37.51828647,126.910564828
2023-01-01,V02Q1940223,2.895652173913043,44.47826086956522,37.518046066,126.893018016
2023-01-01,V02Q1940224,2.4391304347826086,45.26086956521739,37.498641001,127.036337753
2023-01-01,V02Q1940225,2.882608695652174,44.69565217391305,37.585977361,127.088383159
2023-01-01,V02Q1940226,2.0695652173913044,45.47826086956522,37.615448772,127.064609104
2023-01-01,V02Q1940231,2.626086956521739,44.56521739130435,37.592679588,127.074777884
2023-01-01,V02Q1940232,2.9695652173913043,46.391304347826086,37.585032927,126.981875888
2023-01-01,V02Q1940233,1.5043478260869565,47.34782608695652,37.613554041,127.081496414
2023-01-01,V02Q1940234,2.426086956521739,45.130434782608695,37.658164713,127.068454235
2023-01-01,V02Q1940235,2.891304347826087,44.26086956521739,37.612546563,127.073414828
2023-01-01,V02Q1940236,2.252173913043478,46.391304347826086,37.488153702,127.039413626
2023-01-01,V02Q1940237,1.6695652173913043,47.73913043478261,37.60508772,127.099718938
2023-01-01,V02Q1940238,1.6478260869565218,48.04347826086956,37.664753976,127.06336573
2023-01-01,V02Q1940239,2.960869565217391,44.69565217391305,37.49344719,127.056961271
2023-01-01,V02Q1940240,2.2956521739130435,46.65217391304348,37.532060638,126.831721727
2023-01-01,V02Q1940241,2.856521739130435,44.34782608695652,37.599989151,127.087072882
2023-01-01,V02Q1940242,1.3956521739130436,49.56521739130435,37.639440368,127.042584289
2023-01-01,V02Q1940243,2.8000000000000003,44.52173913043478,37.593353018,127.080975704
2023-01-01,V02Q1940244,1.7739130434782608,48.608695652173914,37.532727462,126.893332168
2023-01-01,V02Q1940245,1.8043478260869565,48.65217391304348,37.6737242,127.050597207
2023-01-01,V02Q1940246,2.073913043478261,48.130434782608695,37.499370861,127.072725308
2023-01-01,V02Q1940248,2.256521739130435,46.73913043478261,37.601151064,127.100797906
2023-01-01,V02Q1940249,2.743478260869565,45.30434782608695,37.480958238,127.000329751
2023-01-01,V02Q1940250,3.21304347826087,44.0,37.589051004,127.080892386
2023-01-01,V02Q1940251,1.8956521739130436,47.47826086956522,37.522666092,126.88291527
2023-01-01,V02Q1940252,3.0782608695652174,45.52173913043478,37.575819219,127.086147753
2023-01-01,V02Q1940253,0.7913043478260869,49.47826086956522,37.653908316,127.011201895
2023-01-01,V02Q1940254,1.3695652173913044,48.95652173913044,37.632400653,127.050947138
2023-01-01,V02Q1940255,2.882608695652174,46.65217391304348,37.582766561,127.086701009
2023-01-01,V02Q1940256,2.4130434782608696,47.95652173913044,37.543688115,126.887737658
2023-01-01,V02Q1940257,2.482608695652174,45.17391304347826,37.639563904,127.060567269
2023-01-01,V02Q1940258,1.817391304347826,48.08695652173913,37.562998002,127.028435382
2023-01-01,V02Q1940259,2.2304347826086954,45.78260869565217,37.533927796,126.863792786
2023-01-01,V02Q1940260,1.9000000000000001,47.130434782608695,37.464852583,126.939899246
2023-01-01,V02Q1940261,2.152173913043478,46.30434782608695,37.549808841,127.049770229
2023-01-01,V02Q1940262,3.391304347826087,43.65217391304348,37.483428028,126.949460805
2023-01-01,V02Q1940263,2.721739130434783,44.65217391304348,37.560874377,127.062747282
2023-01-01,V02Q1940264,1.8130434782608698,48.08695652173913,37.671181441,127.0451551
2023-01-01,V02Q1940265,2.517391304347826,45.95652173913044,37.640685309,127.035473709
2023-01-01,V02Q1940266,2.847826086956522,42.65217391304348,37.62510077,127.073488361
2023-01-01,V02Q1940267,1.408695652173913,48.130434782608695,37.652649252,127.078239562
2023-01-01,V02Q1940268,2.4,47.391304347826086,37.5050553,127.0133662
2023-01-01,V02Q1940269,1.9217391304347828,49.26086956521739,37.471740618,126.933155701
2023-01-01,V02Q1940270,3.347826086956522,42.73913043478261,37.547286983,127.046740172
2023-01-01,V02Q1940271,1.4,51.608695652173914,37.564778377,127.178040052
2023-01-01,V02Q1940272,2.639130434782609,44.43478260869565,37.478839542,126.961244584
2023-01-01,V02Q1940273,2.6565217391304348,45.869565217391305,37.517512115,127.03713363
2023-01-01,V02Q1940274,1.952173913043478,49.04347826086956,37.506611067,126.992439588
2023-01-01,V02Q1940275,1.0043478260869565,50.130434782608695,37.682424032,127.05267806
2023-01-01,V02Q1940276,2.743478260869565,44.26086956521739,37.585538222,127.0235089
2023-01-01,V02Q1940277,2.760869565217391,45.26086956521739,37.591143947,127.094226799
2023-01-01,V02Q1940278,2.739130434782609,46.34782608695652,37.5124009,126.942546759
2023-01-01,V02Q1940280,2.8000000000000003,44.869565217391305,37.561975588,127.085032552
2023-01-01,V02Q1940281,1.7043478260869562,47.130434782608695,37.661091646,127.059043515
2023-01-01,V02Q1940282,2.9391304347826086,47.52173913043478,37.512490801,127.005876248
2023-01-01,V02Q1940283,2.3347826086956522,46.47826086956522,37.580601951,127.023030202
2023-01-01,V02Q1940284,2.639130434782609,45.56521739130435,37.589684126,127.01292024
2023-01-01,V02Q1940285,2.517391304347826,47.608695652173914,37.554722482,126.910362872
2023-01-01,V02Q1940286,2.1,47.08695652173913,37.562166194,127.026682312
2023-01-01,V02Q1940287,2.6913043478260867,47.26086956521739,37.531393326,126.830075249
2023-01-01,V02Q1940288,2.595652173913044,47.08695652173913,37.543956765,126.934121335
2023-01-01,V02Q1940289,2.2304347826086954,46.04347826086956,37.487499561,126.968238366
2023-01-01,V02Q1940290,2.7956521739130435,43.04347826086956,37.62054243,127.062463216
2023-01-01,V02Q1940291,2.256521739130435,45.73913043478261,37.621314751,127.069508731
2023-01-01,V02Q1940293,3.217391304347826,43.869565217391305,37.47640069,127.048489256
2023-01-01,V02Q1940294,3.1565217391304343,44.56521739130435,37.548160591,127.089682707
2023-01-01,V02Q1940295,2.5434782608695654,45.78260869565217,37.508712749,126.925167532
2023-01-01,V02Q1940296,3.039130434782609,43.95652173913044,37.511969865,126.92630218
2023-01-01,V02Q1940297,2.117391304347826,50.69565217391305,37.492956206,126.975760341
2023-01-01,V02Q1940299,1.7391304347826086,47.34782608695652,37.621127537,127.083295965
2023-01-01,V02Q1940300,2.034782608695652,44.65217391304348,37.643785116,127.01945166
2023-01-01,V02Q1940301,3.095652173913044,45.04347826086956,37.489118205,126.98057037
2023-01-01,V02Q1940302,1.673913043478261,48.391304347826086,37.559509204,126.971893203
2023-01-01,V02Q1940303,1.1434782608695653,49.34782608695652,37.689231812,127.046734855
2023-01-01,V02Q1940304,2.4608695652173913,45.82608695652174,37.504072526,126.951825456
2023-01-01,V02Q1940305,2.726086956521739,44.69565217391305,37.553149621,127.080543809
2023-01-01,V02Q1940306,1.8956521739130436,49.69565217391305,37.542448508,127.125705412
2023-01-01,V02Q1940307,2.973913043478261,43.608695652173914,37.585376989,127.09545315
2023-01-01,V02Q1940308,2.9869565217391307,45.52173913043478,37.49412567,126.986853712
2023-01-01,V02Q1940309,2.747826086956522,45.391304347826086,37.49373877,127.042374226
2023-01-01,V02Q1940310,2.8434782608695657,43.91304347826087,37.479848586,126.985401846
2023-01-01,V02Q1940311,3.039130434782609,44.130434782608695,37.600675313,127.081937393
2023-01-01,V02Q1940312,3.039130434782609,43.91304347826087,37.52282125,126.858435267
2023-01-01,V02Q1940313,1.7608695652173914,48.78260869565217,37.485535862,127.087427345
2023-01-01,V02Q1940314,2.3043478260869565,44.73913043478261,37.618561243,127.022803822
2023-01-01,V02Q1940316,2.382608695652174,46.30434782608695,37.504793679,126.940783305
2023-01-01,V02Q1940317,1.7,50.04347826086956,37.602631443,126.930628959
2023-01-01,V02Q1940318,2.4260869565217393,46.26086956521739,37.508097745,126.93758775
2023-01-01,V02Q1940319,2.626086956521739,45.95652173913044,37.501192635,126.936960737
2023-01-01,V02Q1940320,2.1565217391304348,44.95652173913044,37.649767589,127.019891368
2023-01-01,V02Q1940321,2.4304347826086956,48.47826086956522,37.549468318,127.146339447
2023-01-01,V02Q1940322,3.4565217391304346,42.65217391304348,37.599172405,127.036027437
2023-01-01,V02Q1940323,1.7652173913043478,48.26086956521739,37.649251734,127.046112438
2023-01-01,V02Q1940324,2.6565217391304348,44.26086956521739,37.651536117,127.030631818
2023-01-01,V02Q1940325,0.5521739130434782,53.43478260869565,37.68923847,127.041879527
2023-01-01,V02Q1940326,2.1217391304347823,47.95652173913044,37.61408672,126.91983704
2023-01-01,V02Q1940327,3.6869565217391305,43.391304347826086,37.542256532,127.08511357
2023-01-01,V02Q1940328,2.517391304347826,44.391304347826086,37.603348199,127.029375552
2023-01-01,V02Q1940329,0.8782608695652173,51.608695652173914,37.680506067,127.044592639
2023-01-01,V02Q1940330,2.260869565217391,44.91304347826087,37.627788213,127.019350684
2023-01-01,V02Q1940331,2.4521739130434783,44.91304347826087,37.650506581,127.033422705
2023-01-01,V02Q1940332,1.7826086956521738,49.47826086956522,37.597650438,126.912020853
2023-01-01,V02Q1940333,1.547826086956522,50.56521739130435,37.626081398,126.927710516
2023-01-01,V02Q1940334,2.5695652173913044,46.130434782608695,37.665639055,127.040068726
2023-01-01,V02Q1940335,2.1217391304347823,48.391304347826086,37.607742032,127.041340346
2023-01-01,V02Q1940336,1.0434782608695652,52.0,37.611799643,126.90985303
2023-01-01,V02Q1940337,1.408695652173913,50.73913043478261,37.598908246,126.920308931
2023-01-01,V02Q1940338,0.8826086956521739,52.30434782608695,37.660906226,127.023400235
2023-01-01,V02Q1940339,1.773913043478261,49.43478260869565,37.623466453,126.916906052
2023-01-01,V02Q1940340,3.191304347826087,42.0,37.625555196,127.027215038
2023-01-01,V02Q1940341,2.317391304347826,48.56521739130435,37.604135693,126.914765263
2023-01-01,V02Q1940342,2.8000000000000003,43.56521739130435,37.648071356,127.029080112
2023-01-01,V02Q1940343,1.5695652173913044,51.08695652173913,37.618708097,126.916591541
2023-01-01,V02Q1940344,2.6782608695652175,43.95652173913044,37.605800332,127.025556259
2023-01-01,V02Q1940345,2.091304347826087,44.91304347826087,37.649170939,127.035284494
2023-01-01,V02Q1940346,1.7956521739130433,47.91304347826087,37.534383493,126.83799652
2023-01-01,V02Q1940347,1.4782608695652173,53.73913043478261,37.584427523,126.905224449
2023-01-01,V02Q1940348,2.282608695652174,49.34782608695652,37.460225019,127.017222459
2023-01-01,V02Q1940349,2.0304347826086957,50.65217391304348,37.539768171,127.129657973
2023-01-01,V02Q1940350,1.9565217391304348,50.17391304347826,37.554811287,127.150186225
2023-01-01,V02Q1940351,2.6782608695652175,45.26086956521739,37.591053944,127.003006912
2023-01-01,V02Q1940353,0.7434782608695651,53.78260869565217,37.546512413,127.152593815
2023-01-01,V02Q1940354,2.8521739130434782,47.391304347826086,37.534717201,127.129979727
2023-01-01,V02Q1940355,2.0652173913043477,50.56521739130435,37.560742575,127.164289117
2023-01-01,V02Q1940356,2.5304347826086957,47.65217391304348,37.504549468,126.967418377
2023-01-01,V02Q1940358,0.5782608695652174,54.91304347826087,37.638983563,126.918861419
2023-01-01,V02Q1940359,1.6782608695652175,51.65217391304348,37.54651703,127.147309969
2023-01-01,V02Q1940360,1.8608695652173912,51.04347826086956,37.556847303,127.151357028
2023-01-01,V02Q1940361,1.0260869565217392,49.04347826086956,37.597979468,127.010785803
2023-01-01,V02Q1940362,1.7739130434782608,46.69565217391305,37.60337797,127.024172083
2023-01-01,V02Q1940363,2.482608695652174,47.91304347826087,37.581375321,126.934327311
2023-01-01,V02Q1940364,1.7391304347826086,46.08695652173913,37.516646199,126.86286453
2023-01-01,V02Q1940367,2.8391304347826085,45.34782608695652,37.554394775,127.020099839
2023-01-01,V02Q1940368,1.5434782608695652,49.47826086956522,37.483260708,127.034979369
2023-01-01,V02Q1940369,2.991304347826087,43.52173913043478,37.47432254,126.902419701
2023-01-01,V02Q1940370,1.9478260869565216,49.56521739130435,37.619613134,126.932131205
2023-01-01,V02Q1940371,2.1913043478260867,48.73913043478261,37.546677593,127.103453692
2023-01-01,V02Q1940372,2.139130434782609,50.26086956521739,37.554066866,127.127812567
2023-01-01,V02Q1940373,2.408695652173913,46.95652173913044,37.589938574,126.917291918
2023-01-01,V02Q1940374,2.6695652173913045,43.869565217391305,37.46431817,126.897235488
2023-01-01,V02Q1940375,1.9130434782608696,47.0,37.491712757,126.924826159
2023-01-01,V02Q1940376,2.0608695652173914,49.26086956521739,37.545304506,127.136675035
2023-01-01,V02Q1940377,1.4565217391304348,50.08695652173913,37.59483691,126.924548749
2023-01-01,V02Q1940378,1.9304347826086956,46.30434782608695,37.631155545,127.016796019
2023-01-01,V02Q1940379,2.3956521739130436,44.869565217391305,37.614202405,127.043665947
2023-01-01,V02Q1940380,2.9869565217391307,44.69565217391305,37.471604627,127.040943637
2023-01-01,V02Q1940381,1.8434782608695652,47.21739130434783,37.601609293,127.016720958
2023-01-01,V02Q1940382,2.1739130434782608,46.17391304347826,37.48206626,126.969678958
2023-01-01,V02Q1940383,1.8434782608695652,48.78260869565217,37.533285662,127.065647463
2023-01-01,V02Q1940385,2.247826086956522,48.26086956521739,37.577809729,126.905285588
2023-01-01,V02Q1940386,3.391304347826087,43.47826086956522,37.615898092,127.034160265
2023-01-01,V02Q1940387,2.615789473684211,44.31578947368421,37.540054044,127.070979283
2023-01-01,V02Q1940388,2.5217391304347827,45.08695652173913,37.604028401,127.009921999
2023-01-01,V02Q1940389,2.182608695652174,46.130434782608695,37.497742476,126.923829622
2023-01-01,V02Q1940390,2.160869565217391,45.130434782608695,37.654728776,127.047743044
2023-01-01,V02Q1940391,2.360869565217391,47.17391304347826,37.528616803,127.085121222
2023-01-01,V02Q1940392,2.2478260869565214,47.73913043478261,37.538286643,127.09239683
2023-01-01,V02Q1940393,3.1608695652173915,44.08695652173913,37.533488262,127.073006117
2023-01-01,V02Q1940394,1.9478260869565216,46.47826086956522,37.632133192,127.038099294
2023-01-01,V02Q1940395,2.2869565217391306,47.91304347826087,37.538910703,126.829309039
2023-01-01,V02Q1940396,2.4130434782608696,47.391304347826086,37.488748362,127.006793393
2023-01-01,V02Q1940397,0.9391304347826087,51.391304347826086,37.487733409,126.964650522
2023-01-01,V02Q1940398,2.2869565217391306,47.95652173913044,37.46737119,127.034789445
2023-01-01,V02Q1940399,2.821739130434783,45.78260869565217,37.491391488,127.012740308
2023-01-01,V02Q1940400,2.1826086956521737,46.78260869565217,37.489274127,127.017886775
2023-01-01,V02Q1940401,2.4782608695652173,45.0,37.613203808,127.007460258
2023-01-01,V02Q1940402,2.3782608695652177,45.73913043478261,37.491308948,127.026804579
2023-01-01,V02Q1940403,2.660869565217391,45.130434782608695,37.534309074,127.081985567
2023-01-01,V02Q1940404,2.465217391304348,44.26086956521739,37.65320724,127.052329425
2023-01-01,V02Q1940405,2.8000000000000003,43.130434782608695,37.468578018,126.892576074
2023-01-01,V02Q1940406,2.0434782608695654,46.34782608695652,37.609392922,127.004354963
2023-01-01,V02Q1940407,3.1565217391304343,44.04347826086956,37.45844386,126.895089073
2023-01-01,V02Q1940408,1.056521739130435,53.69565217391305,37.557388648,127.130057635
2023-01-01,V02Q1940409,1.591304347826087,47.391304347826086,37.638094909,127.02376984
2023-01-01,V02Q1940410,1.9478260869565216,50.21739130434783,37.533218949,127.141795437
2023-01-01,V02Q1940411,2.0,48.47826086956522,37.533878243,127.091521
2023-01-01,V02Q1940412,1.7130434782608694,49.391304347826086,37.600292702,126.945826994
2023-01-01,V02Q1940413,2.756521739130435,45.34782608695652,37.5246553,126.844448699
2023-01-01,V02Q1940414,1.4695652173913045,50.26086956521739,37.625965579,127.046177842
2023-01-01,V02Q1940415,3.1739130434782608,42.82608695652174,37.603943867,127.03574691
2023-01-01,V02Q1940416,2.682608695652174,46.34782608695652,37.547768223,127.086373575
2023-01-01,V02Q1940417,2.0782608695652174,49.56521739130435,37.525959229,127.13249334
2023-01-01,V02Q1940418,2.0304347826086957,45.47826086956522,37.609877929,127.017534204
2023-01-01,V02Q1940419,1.8304347826086957,46.21739130434783,37.595702008,127.024181745
2023-01-01,V02Q1940420,3.0304347826086957,44.08695652173913,37.49921389,126.931259588
2023-01-01,V02Q1940421,2.856521739130435,46.43478260869565,37.563060099,127.178426767
2023-01-01,V02Q1940422,2.273913043478261,48.26086956521739,37.567576951,126.946465791
2023-01-01,V02Q1940424,1.8478260869565217,46.0,37.510198596,126.858987432
2023-01-01,V02Q1940425,3.0173913043478264,43.47826086956522,37.486421,126.933053281
2023-01-01,V02Q1940426,2.5434782608695654,47.17391304347826,37.56802912,126.907319515
2023-01-01,V02Q1940427,2.782608695652174,45.52173913043478,37.499743485,127.01680127
2023-01-01,V02Q1940428,2.743478260869565,43.82608695652174,37.475806357,126.892907759
2023-01-01,V02Q1940429,1.1347826086956523,48.73913043478261,37.642010944,127.011032768
2023-01-01,V02Q1940430,3.3391304347826085,46.43478260869565,37.535815801,127.124685914
2023-01-01,V02Q1940431,3.095652173913044,42.130434782608695,37.63638945,127.033963592
2023-01-01,V02Q1940432,3.069565217391304,43.21739130434783,37.486576543,126.91005338
2023-01-01,V02Q1940433,2.9130434782608696,45.608695652173914,37.491459713,127.010166364
2023-01-01,V02Q1940434,1.126086956521739,53.73913043478261,37.532199061,127.148090456
2023-01-01,V02Q1940435,2.1782608695652175,49.0,37.583513221,126.894256875
2023-01-01,V02Q1940436,1.934782608695652,47.30434782608695,37.560575664,126.979644431
2023-01-01,V02Q1940438,2.4869565217391307,46.56521739130435,37.562396378,126.97051975
2023-01-01,V02Q1940439,2.3086956521739133,47.52173913043478,37.559890951,126.91747506
2023-01-01,V02Q1940440,3.2782608695652176,42.04347826086956,37.481691684,126.927560971
2023-01-01,V02Q1940441,2.152173913043478,46.47826086956522,37.558372332,127.037694516
2023-01-01,V02Q1940442,2.3347826086956522,47.869565217391305,37.557538046,126.902961558
2023-01-01,V02Q1940443,2.7130434782608694,46.34782608695652,37.520684165,126.873804303
2023-01-01,V02Q1940445,2.217391304347826,45.91304347826087,37.480392072,126.932355178
2023-01-01,V02Q1940446,2.6695652173913045,43.17391304347826,37.480432106,126.953267798
2023-01-01,V02Q1940447,2.3956521739130436,47.47826086956522,37.524273473,126.831406421
2023-01-01,V02Q1940448,3.3391304347826085,42.34782608695652,37.630759384,127.023550324
2023-01-01,V02Q1940449,3.752173913043478,44.69565217391305,37.555791177,126.905987083
2023-01-01,V02Q1940450,3.1217391304347823,44.91304347826087,37.565480765,126.917774061
2023-01-01,V02Q1940451,3.152173913043478,45.43478260869565,37.563493539,126.906147898
2023-01-01,V02Q1940452,2.0391304347826087,45.47826086956522,37.478892525,126.94446274
2023-01-01,V02Q1940453,2.3956521739130436,45.69565217391305,37.532634788,126.871446408
2023-01-01,V02Q1940454,2.960869565217391,44.08695652173913,37.561013865,127.059052462
2023-01-01,V02Q1940455,1.9130434782608696,49.56521739130435,37.542775849,126.881433047
2023-01-01,V02Q1940456,2.817391304347826,46.17391304347826,37.543102045,126.942692056
2023-01-01,V02Q1940457,1.9043478260869564,48.17391304347826,37.473194847,126.931912005
2023-01-01,V02Q1940458,2.3043478260869565,45.43478260869565,37.47633208,126.9562121
2023-01-01,V02Q1940459,2.6478260869565218,46.82608695652174,37.564510612,126.911621855
2023-01-01,V02Q1940460,2.0782608695652174,47.30434782608695,37.548884235,127.042547472
2023-01-01,V02Q1940461,2.7913043478260873,46.65217391304348,37.543548656,126.930067638
2023-01-01,V02Q1940462,2.7913043478260873,43.608695652173914,37.489379779,126.922369606
2023-01-01,V02Q1940463,2.617391304347826,47.608695652173914,37.579936878,126.907522426
2023-01-01,V02Q1940464,2.865217391304348,45.608695652173914,37.520329739,126.835738999
2023-01-01,V02Q1940465,2.152173913043478,45.82608695652174,37.468519568,126.940047171
2023-01-01,V02Q1940467,2.4,47.34782608695652,37.563488521,126.90910205
2023-01-01,V02Q1940468,3.008695652173913,43.04347826086956,37.48432967,126.959457614
2023-01-01,V02Q1940469,1.4782608695652173,48.91304347826087,37.510626715,126.843394665
2023-01-01,V02Q1940470,0.9565217391304348,52.391304347826086,37.578009928,126.935032281
2023-01-01,V02Q1940471,0.991304347826087,53.130434782608695,37.561086675,126.898801228
2023-01-01,V02Q1940472,2.034782608695652,46.869565217391305,37.514505075,126.841425739
2023-01-01,V02Q1940473,2.508695652173913,45.52173913043478,37.556809663,127.019920184
2023-01-01,V02Q1940474,1.2478260869565216,47.26086956521739,37.4683857,126.8938606
2023-01-01,V02Q1940475,1.856521739130435,50.69565217391305,37.613989128,126.906555525
2023-01-01,V02Q1940476,1.1695652173913043,51.95652173913044,37.592348032,126.906563171
2023-01-01,V02Q1940477,1.0,48.73913043478261,37.6620208,127.011085788
2023-01-01,V02Q1940478,1.9130434782608696,50.30434782608695,37.539563459,127.145933459
2023-01-01,V02Q1940479,2.5869565217391304,45.43478260869565,37.467647317,126.907496394
2023-01-01,V02Q1940480,2.369565217391304,47.56521739130435,37.539717109,126.881687533
2023-01-01,V02Q1940481,2.1043478260869564,47.17391304347826,37.524082811,126.854653095
2023-01-01,V02Q1940482,3.0130434782608693,48.04347826086956,37.551489763,127.133098234
2023-01-01,V02Q1940483,3.2695652173913046,42.130434782608695,37.463094923,126.903967773
2023-01-01,V02Q1940484,2.091304347826087,44.91304347826087,37.468026771,126.902191236
2023-01-01,V02Q1940485,1.682608695652174,50.43478260869565,37.599233119,126.916387325
2023-01-01,V02Q1940486,3.095652173913044,42.69565217391305,37.466702737,126.890697047
2023-01-01,V02Q1940487,2.965217391304348,46.47826086956522,37.55886948,126.959004501
2023-01-01,V02Q1940488,1.2782608695652173,50.869565217391305,37.582159204,126.939463278
2023-01-01,V02Q1940489,2.747826086956522,45.08695652173913,37.530770624,126.864592055
2023-01-01,V02Q1940490,2.1565217391304348,48.26086956521739,37.545534,126.941096063
2023-01-01,V02Q1940491,2.8260869565217392,46.43478260869565,37.5671822,127.0515119
2023-01-01,V02Q1940492,2.4608695652173913,45.608695652173914,37.528186579,126.860106756
2023-01-01,V02Q1940493,3.317391304347826,43.78260869565217,37.487065431,126.942038141
2023-01-01,V02Q1940494,2.0391304347826087,48.65217391304348,37.587446952,126.944520584
2023-01-01,V02Q1940495,2.7913043478260873,44.08695652173913,37.461455378,126.890018836
2023-01-01,V02Q1940496,2.5521739130434784,46.78260869565217,37.538775645,127.059760733
2023-01-01,V02Q1940497,2.1782608695652175,49.78260869565217,37.538312104,126.94783675
2023-01-01,V02Q1940498,2.8869565217391306,46.391304347826086,37.560782132,126.995545523
2023-01-01,V02Q1940499,2.1565217391304348,47.47826086956522,37.574960033,126.970272261
2023-01-01,V02Q1940500,2.6956521739130435,45.04347826086956,37.561552657,127.018748694
2023-01-01,V02Q1940501,3.0130434782608693,44.21739130434783,37.552003424,127.036324364
2023-01-01,V02Q1940502,2.152173913043478,46.52173913043478,37.54081481,127.049563967
2023-01-01,V02Q1940503,2.821739130434783,45.91304347826087,37.554010674,127.068898201
2023-01-01,V02Q1940504,2.973913043478261,46.04347826086956,37.55905889,127.02896077
2023-01-01,V02Q1940506,2.6869565217391305,45.91304347826087,37.535089673,127.093220689
2023-01-01,V02Q1940507,2.369565217391304,48.52173913043478,37.531277474,127.123271252
2023-01-01,V02Q1940508,2.1,48.30434782608695,37.558188462,126.964330835
2023-01-01,V02Q1940509,1.8347826086956522,49.30434782608695,37.586743569,126.947329111
2023-01-01,V02Q1940510,1.6217391304347826,48.04347826086956,37.492671311,126.945268507
2023-01-01,V02Q1940512,3.5652173913043477,43.130434782608695,37.47556168,126.934891149
2023-01-01,V02Q1940513,2.9217391304347826,45.17391304347826,37.494179762,127.154991408
2023-01-01,V02Q1940515,1.9695652173913043,47.73913043478261,37.501748618,126.850769667
2023-01-01,V02Q1940516,1.7043478260869562,49.34782608695652,37.565060519,126.954334209
2023-01-01,V02Q1940517,3.6217391304347823,41.04347826086956,37.482486215,126.92649706
2023-01-01,V02Q1940518,2.3086956521739133,47.34782608695652,37.515083767,127.013856492
2023-01-01,V02Q1940519,2.6695652173913045,46.130434782608695,37.547192179,126.934407432
2023-01-01,V02Q1940520,2.639130434782609,47.130434782608695,37.578225524,126.923232245
2023-01-01,V02Q1940521,2.3217391304347825,47.82608695652174,37.5487627,126.925522961
2023-01-01,V02Q1940522,1.8826086956521737,48.21739130434783,37.57707481,127.012366545
2023-01-01,V02Q1940523,2.0478260869565217,49.43478260869565,37.52568799,126.999242183
2023-01-01,V02Q1940524,3.4217391304347826,43.869565217391305,37.554354634,126.968131192
2023-01-01,V02Q1940525,3.008695652173913,45.52173913043478,37.542265658,126.960760204
2023-01-01,V02Q1940526,1.7434782608695654,48.391304347826086,37.546984916,127.021579388
2023-01-01,V02Q1940527,2.360869565217391,46.08695652173913,37.568985838,127.021883159
2023-01-01,V02Q1940528,2.808695652173913,44.82608695652174,37.555307628,126.947000935
2023-01-01,V02Q1940529,2.3260869565217392,48.391304347826086,37.559400896,127.02043854
2023-01-01,V02Q1940531,2.752173913043478,45.56521739130435,37.554889424,126.936237145
2023-01-01,V02Q1940532,2.726086956521739,44.91304347826087,37.470727878,126.921795051
2023-01-01,V02Q1940533,2.760869565217391,43.43478260869565,37.483057586,126.907968763
2023-01-01,V02Q1940534,2.491304347826087,46.43478260869565,37.55572217,126.940289725
2023-01-01,V02Q1940535,2.0695652173913044,48.69565217391305,37.550493287,126.93627592
2023-01-01,V02Q1940536,2.4478260869565216,45.608695652173914,37.563560918,126.997219571
2023-01-01,V02Q1940537,2.265217391304348,45.73913043478261,37.475646812,126.952494018
2023-01-01,V02Q1940538,3.0565217391304347,42.78260869565217,37.486277682,126.93606599
2023-01-01,V02Q1940539,3.5434782608695654,42.26086956521739,37.576920428,127.00451366
2023-01-01,V02Q1940540,2.6739130434782608,45.34782608695652,37.565310977,126.984491809
2023-01-01,V02Q1940541,1.8478260869565217,47.52173913043478,37.562768984,126.976764495
2023-01-01,V02Q1940542,1.3608695652173914,52.30434782608695,37.535392634,126.944436825
2023-01-01,V02Q1940543,2.278260869565217,47.43478260869565,37.590102072,126.94466226
2023-01-01,V02Q1940544,2.6565217391304348,45.47826086956522,37.561639705,127.001152964
2023-01-01,V02Q1940545,2.5130434782608697,45.56521739130435,37.546306095,127.043641494
2023-01-01,V02Q1940546,2.139130434782609,47.43478260869565,37.564448469,127.022110315
2023-01-01,V02Q1940547,3.008695652173913,43.78260869565217,37.477791485,126.95529739
2023-01-01,V02Q1940548,3.0173913043478264,42.869565217391305,37.491245834,126.930777034
2023-01-01,V02Q1940549,2.778260869565217,45.91304347826087,37.475637555,126.922158721
2023-01-01,V02Q1940550,2.1652173913043478,45.73913043478261,37.486348063,126.951494059
2023-01-01,V02Q1940551,1.9217391304347828,48.26086956521739,37.56877486,126.960883381
2023-01-01,V02Q1940552,2.3217391304347825,45.608695652173914,37.47639433,126.915669565
2023-01-01,V02Q1940553,2.4391304347826086,47.65217391304348,37.560826891,126.996000954
2023-01-01,V02Q1940554,2.5434782608695654,45.65217391304348,37.557286013,127.009175344
2023-01-01,V02Q1940555,3.347826086956522,43.47826086956522,37.485477639,126.947493445
2023-01-01,V02Q1940556,2.073913043478261,47.91304347826087,37.540241557,127.054675329
2023-01-01,V02Q1940557,2.356521739130435,51.130434782608695,37.469277115,126.93163632
2023-01-01,V02Q1940558,2.726086956521739,44.17391304347826,37.479704346,126.947473749
2023-01-01,V02Q1940559,2.408695652173913,48.17391304347826,37.532936634,126.991219946
2023-01-01,V02Q1940560,3.182608695652174,42.130434782608695,37.492477025,126.956310667
2023-01-01,V02Q1940561,2.6478260869565218,44.78260869565217,37.485193189,126.918737044
2023-01-01,V02Q1940562,3.8304347826086955,42.04347826086956,37.56554217,126.991035069
2023-01-01,V02Q1940563,2.682608695652174,45.608695652173914,37.564129832,127.031439736
2023-01-01,V02Q1940564,2.991304347826087,44.608695652173914,37.560859569,127.008563128
2023-01-01,V02Q1940565,2.3434782608695652,45.17391304347826,37.541950115,127.053612431
2023-01-01,V02Q1940566,1.7782608695652173,47.608695652173914,37.567234241,126.995184955
2023-01-01,V02Q1940567,2.630434782608696,45.69565217391305,37.568055619,126.996509941
2023-01-01,V02Q1940569,2.260869565217391,47.69565217391305,37.569421371,126.916755384
2023-01-01,V02Q1940570,2.1565217391304348,47.52173913043478,37.554358673,127.008042572
2023-01-01,V02Q1940571,1.9565217391304348,48.391304347826086,37.546504106,126.975236492
2023-01-01,V02Q1940572,3.073913043478261,45.869565217391305,37.521117972,126.97179047
2023-01-01,V02Q1940573,2.5608695652173914,45.69565217391305,37.568390808,127.005439263
2023-01-01,V02Q1940574,2.4782608695652173,46.47826086956522,37.537181941,126.9656951
2023-01-01,V02Q1940575,1.9565217391304348,48.17391304347826,37.555822871,127.032318247
2023-01-01,V02Q1940576,2.4695652173913043,47.0,37.577176662,126.896669047
2023-01-01,V02Q1940577,1.873913043478261,48.0,37.523642878,126.993653966
2023-01-01,V02Q1940578,2.373913043478261,47.56521739130435,37.526372633,127.002884625
2023-01-01,V02Q1940579,2.3,49.21739130434783,37.559629323,126.897668662
2023-01-01,V02Q1940580,1.808695652173913,47.73913043478261,37.566729843,127.051058361
2023-01-01,V02Q1940582,1.7826086956521738,49.608695652173914,37.548897364,127.030960576
2023-01-01,V02Q1940583,2.182608695652174,47.95652173913044,37.545205505,126.923390937
2023-01-01,V02Q1940584,2.765217391304348,45.0,37.549955116,126.978020139
2023-01-01,V02Q1940585,1.8652173913043477,48.391304347826086,37.558823129,126.946573015
2023-01-01,V02Q1940586,2.0565217391304347,49.34782608695652,37.552877884,126.900901236
2023-01-01,V02Q1940588,2.643478260869565,45.0,37.55818867,127.050826556
2023-01-01,V02Q1940590,3.0130434782608693,44.65217391304348,37.560723571,127.048425106
2023-01-01,V02Q1940591,1.7739130434782608,46.869565217391305,37.478910442,126.949252464
2023-01-01,V02Q1940592,2.5739130434782607,46.82608695652174,37.570558497,126.959673009
2023-01-01,V02Q1940593,2.3130434782608695,47.69565217391305,37.546942344,126.930249061
2023-01-01,V02Q1940594,4.0,41.52173913043478,37.549231792,127.053877502
2023-01-01,V02Q1940595,3.28695652173913,47.130434782608695,37.534398731,126.951380013
2023-01-01,V02Q1940596,2.073913043478261,46.95652173913044,37.559046312,126.98031176
2023-01-01,V02Q1940597,1.7043478260869567,50.17391304347826,37.556195026,126.981160888
2023-01-01,V02Q1940598,2.8260869565217392,44.73913043478261,37.551727975,127.012143986
2023-01-01,V02Q1940599,2.817391304347826,45.26086956521739,37.557404557,127.016607496
2023-01-01,V02Q1940600,1.8391304347826085,51.26086956521739,37.52444602,126.956842648
2023-01-01,V02Q1940601,3.0652173913043477,44.34782608695652,37.560264565,127.048014605
2023-01-01,V02Q1940602,0.8869565217391304,50.91304347826087,37.554623618,126.98055898
2023-01-01,V02Q1940603,2.2869565217391306,46.30434782608695,37.563368336,127.055964397
2023-01-01,V02Q1940604,2.817391304347826,45.0,37.567837219,126.98094143
2023-01-01,V02Q1940605,2.373913043478261,47.43478260869565,37.554430004,126.915440065
2023-01-01,V02Q1940606,2.6652173913043478,45.43478260869565,37.55445921,126.937692378
2023-01-01,V02Q1940607,2.360869565217391,46.30434782608695,37.55887111,127.038552736
2023-01-01,V02Q1940608,0.4869565217391304,54.91304347826087,37.556688983,126.985904183
2023-01-01,V02Q1940609,2.5739130434782607,46.52173913043478,37.556275389,126.912238552
2023-01-01,V02Q1940610,3.1217391304347823,45.869565217391305,37.556140088,126.896584381
2023-01-01,V02Q1940611,2.0652173913043477,49.21739130434783,37.545528073,126.91475679
2023-01-01,V02Q1940613,2.5391304347826087,48.21739130434783,37.555788909,126.90598427
2023-01-01,V02Q1940614,2.634782608695652,46.34782608695652,37.537542078,126.871767426
2023-01-01,V02Q1940615,2.765217391304348,45.78260869565217,37.557838543,127.024148057
2023-01-01,V02Q1940616,2.8521739130434782,45.26086956521739,37.560443166,127.030835302
2023-01-01,V02Q1940617,2.608695652173913,45.95652173913044,37.541972102,127.016370616
2023-01-01,V02Q1940618,2.652173913043478,46.30434782608695,37.557133494,126.954403342
2023-01-01,V02Q1940619,2.1478260869565218,47.608695652173914,37.546185483,126.956110443
2023-01-01,V02Q1940620,1.3869565217391304,50.17391304347826,37.565194468,126.903513437
2023-01-01,V02Q1940621,2.9695652173913043,47.0,37.546742361,126.91424637
2023-01-01,V02Q1940622,2.1,48.69565217391305,37.570480416,126.89657345
2023-01-01,V02Q1940623,2.4608695652173913,45.82608695652174,37.563719858,127.039492971
2023-01-01,V02Q1940624,2.2130434782608694,48.30434782608695,37.554581636,126.903854076
2023-01-01,V02Q1940625,2.7043478260869565,44.95652173913044,37.490698824,126.958704722
2023-01-01,V02Q1940626,2.7043478260869565,46.869565217391305,37.55065466,126.921192311
2023-01-01,V02Q1940627,2.9695652173913043,46.30434782608695,37.551819341,127.067379627
2023-01-01,V02Q1940628,2.808695652173913,44.73913043478261,37.568356828,127.040528854
2023-01-01,V02Q1940629,2.334782608695652,47.52173913043478,37.556894718,126.96159257
2023-01-01,V02Q1940630,1.808695652173913,49.82608695652174,37.525540411,126.965070815
2023-01-01,V02Q1940631,1.9434782608695653,47.95652173913044,37.556470741,126.948526455
2023-01-01,V02Q1940633,1.791304347826087,47.43478260869565,37.470511388,126.940959642
2023-01-01,V02Q1940634,2.443478260869565,47.04347826086956,37.554067434,126.956525838
2023-01-01,V02Q1940635,1.6826086956521737,50.0,37.561275988,126.903330852
2023-01-01,V02Q1940636,2.273913043478261,47.391304347826086,37.552272662,127.023020186
2023-01-01,V02Q1940637,2.0434782608695654,48.56521739130435,37.525447033,126.968845768
2023-01-01,V02Q1940638,2.239130434782609,49.04347826086956,37.550293203,126.910390805
2023-01-01,V02Q1940639,2.7695652173913046,46.52173913043478,37.5495881,127.0317196
2023-01-01,V02Q1940640,2.278260869565217,47.73913043478261,37.563905103,126.919490435
2023-01-01,V02Q1940641,1.517391304347826,50.608695652173914,37.446719338,126.910233665
2023-01-01,V02Q1940642,2.821739130434783,44.869565217391305,37.560215516,127.064339113
2023-01-01,V02Q1940643,2.160869565217391,49.65217391304348,37.544331645,126.912963429
2023-01-01,V02Q1940644,2.1608695652173915,46.391304347826086,37.561197184,127.034602965
2023-01-01,V02Q1940646,1.9869565217391305,49.30434782608695,37.547674256,126.91132687
2023-01-01,V02Q1940647,2.252173913043478,47.08695652173913,37.549480249,126.958483037
2023-01-01,V02Q1940648,1.965217391304348,47.869565217391305,37.532294579,126.995986461
2023-01-01,V02Q1940649,3.430434782608696,43.52173913043478,37.57616826,126.968862248
2023-01-01,V02Q1940650,2.073913043478261,48.08695652173913,37.546687742,126.945400521
2023-01-01,V02Q1940651,1.8652173913043477,48.95652173913044,37.546239741,126.984790146
2023-01-01,V02Q1940652,2.1217391304347823,45.0,37.483708428,126.902520271
2023-01-01,V02Q1940653,2.0434782608695654,47.608695652173914,37.553106066,126.934625963
2023-01-01,V02Q1940654,1.8478260869565217,49.95652173913044,37.543046428,126.883621196
2023-01-01,V02Q1940655,1.7217391304347827,48.391304347826086,37.580050842,126.985146172
2023-01-01,V02Q1940656,4.547826086956522,39.130434782608695,37.473510682,126.892134675
2023-01-01,V02Q1940657,2.1478260869565218,46.30434782608695,37.489760672,126.947832361
2023-01-01,V02Q1940658,2.247826086956522,44.391304347826086,37.483557257,126.9256695
2023-01-01,V02Q1940659,1.9130434782608696,49.08695652173913,37.537748852,126.827879104
2023-01-01,V02Q1940660,2.860869565217391,43.91304347826087,37.487129427,126.923453033
2023-01-01,V02Q1940661,2.1782608695652175,46.78260869565217,37.552313282,126.946601344
2023-01-01,V02Q1940662,2.243478260869565,45.391304347826086,37.475726437,126.942535256
2023-01-01,V02Q1940663,3.0782608695652174,42.78260869565217,37.474747271,126.977785908
2023-01-01,V02Q1940664,1.952173913043478,48.65217391304348,37.520370616,126.977026762
2023-01-01,V02Q1940665,2.4173913043478263,45.04347826086956,37.64068341,127.035490388
2023-01-01,V02Q1940666,1.9391304347826088,46.26086956521739,37.470471522,126.967954286
2023-01-01,V02Q1940667,2.365217391304348,44.69565217391305,37.492658351,126.926973888
2023-01-01,V02Q1940668,2.2695652173913046,47.91304347826087,37.5190207,126.980569679
2023-01-01,V02Q1940669,2.534782608695652,44.34782608695652,37.476427401,126.980135141
2023-01-01,V02Q1940670,3.217391304347826,44.82608695652174,37.539279182,127.049873167
2023-01-01,V02Q1940671,1.4739130434782608,47.04347826086956,37.463770351,126.925690486
2023-01-01,V02Q1940672,2.8391304347826085,44.69565217391305,37.487974664,126.925810645
2023-01-01,V02Q1940673,2.634782608695652,44.608695652173914,37.487996202,126.918237414
2023-01-01,V02Q1940674,2.9347826086956523,44.608695652173914,37.474808425,126.965260142
2023-01-01,V02Q1940675,2.9391304347826086,43.43478260869565,37.478276789,126.939572865
2023-01-01,V02Q1940676,1.1652173913043478,48.34782608695652,37.458885296,126.922519447
2023-01-01,V02Q1940677,1.8478260869565217,44.91304347826087,37.484587461,126.907034844
2023-01-01,V02Q1940679,3.0869565217391304,43.869565217391305,37.495212727,127.121438826
2023-01-01,V02Q1940680,3.217391304347826,42.391304347826086,37.48932572,126.928862955
2023-01-01,V02Q1940681,3.239130434782609,42.65217391304348,37.475596249,126.973598246
2023-01-01,V02Q1940682,0.5347826086956521,51.43478260869565,37.461887259,126.9244554
2023-01-01,V02Q1940683,2.0043478260869567,45.47826086956522,37.462118231,126.919158834
2023-01-01,V02Q1940684,3.8869565217391306,43.30434782608695,37.540211081,126.943863779
2023-01-01,V02Q1940685,2.847826086956522,43.65217391304348,37.478396019,126.916261896
2023-01-01,V02Q1940686,3.3739130434782614,44.04347826086956,37.541361627,126.991128742
2023-01-01,V02Q1940687,3.0782608695652174,45.52173913043478,37.581173137,127.00573413
2023-01-01,V02Q1940689,2.8000000000000003,44.52173913043478,37.483345261,126.937798795
2023-01-01,V02Q1940690,2.4217391304347826,45.47826086956522,37.445514669,126.904124226
2023-01-01,V02Q1940691,1.7304347826086959,50.17391304347826,37.466253246,126.930740417
2023-01-01,V02Q1940692,2.2913043478260873,46.82608695652174,37.490492222,126.941430088
2023-01-01,V02Q1940693,3.3347826086956522,42.30434782608695,37.456068384,126.900317769
2023-01-01,V02Q1940694,2.491304347826087,44.95652173913044,37.480240807,126.942708134
2023-01-01,V02Q1940695,3.360869565217391,44.56521739130435,37.571916554,126.961981834
2023-01-01,V02Q1940696,2.9130434782608696,45.82608695652174,37.564714906,126.922272544
2023-01-01,V02Q1940697,1.1652173913043478,51.82608695652174,37.587569235,126.882942751
2023-01-01,V02Q1940698,2.8043478260869565,46.17391304347826,37.534626724,127.000735898
2023-01-01,V02Q1940699,2.2913043478260873,44.47826086956522,37.449993312,126.912904394
2023-01-01,V02Q1940701,3.395652173913043,43.17391304347826,37.473738394,126.917660902
2023-01-01,V02Q1940702,2.360869565217391,45.26086956521739,37.453351538,126.904030967
2023-01-01,V02Q1940704,2.756521739130435,44.82608695652174,37.463273403,126.918075657
2023-01-01,V02Q1940705,1.9391304347826088,47.69565217391305,37.523071689,126.848612985
2023-01-01,V02Q1940706,2.226086956521739,45.608695652173914,37.502049127,127.117110751
2023-01-01,V02Q1940707,1.6391304347826088,47.04347826086956,37.515495269,126.860879933
2023-01-01,V02Q1940708,1.5043478260869565,49.52173913043478,37.514300619,127.091477797
2023-01-01,V02Q1940709,2.4130434782608696,46.47826086956522,37.569445214,127.0446016
2023-01-01,V02Q1940710,3.4,43.04347826086956,37.577843118,127.01562884
2023-01-01,V02Q1940711,2.9521739130434783,47.43478260869565,37.553798996,126.912365117
2023-01-01,V02Q1940712,1.182608695652174,47.56521739130435,37.647922785,127.011898041
2023-01-01,V02Q1940713,3.1999999999999997,43.391304347826086,37.516185359,127.114540561
2023-01-01,V02Q1940714,2.5565217391304347,46.21739130434783,37.513345412,127.10681824
2023-01-01,V02Q1940715,2.447826086956522,45.34782608695652,37.512593393,126.837651948
2023-01-01,V02Q1940716,4.308695652173912,45.21739130434783,37.575952972,126.958181622
2023-01-01,V02Q1940717,2.4608695652173913,45.78260869565217,37.485390225,127.132171842
2023-01-01,V02Q1940719,3.139130434782609,46.391304347826086,37.574464343,126.990243912
2023-01-01,V02Q1940720,3.282608695652174,44.17391304347826,37.574432258,127.010888926
2023-01-01,V02Q1940721,2.2130434782608694,46.391304347826086,37.586080682,127.000848323
2023-01-01,V02Q1940722,2.7913043478260873,46.34782608695652,37.554828667,126.925966058
2023-01-01,V02Q1940723,1.7652173913043478,49.17391304347826,37.552278967,126.923527194
2023-01-01,V02Q1940724,3.5913043478260867,43.34782608695652,37.497322012,127.051315822
2023-01-01,V02Q1940725,2.6478260869565218,43.78260869565217,37.479821352,126.902365272
2023-01-01,V02Q1940726,2.869565217391304,45.73913043478261,37.539012287,126.957917034
2023-01-01,V02Q1940727,3.347826086956522,43.78260869565217,37.605046967,127.076287931
2023-01-01,V02Q1940729,1.482608695652174,49.608695652173914,37.513062284,126.832083525
2023-01-01,V02Q1940730,1.4782608695652173,49.56521739130435,37.43993479,126.907172587
2023-01-01,V02Q1940731,2.273913043478261,47.56521739130435,37.517989157,126.985318268
2023-01-01,V02Q1940732,2.2130434782608694,46.91304347826087,37.526655055,126.836961771
2023-01-01,V02Q1940733,2.356521739130435,45.91304347826087,37.54818971,127.056597845
2023-01-01,V02Q1940734,2.108695652173913,47.869565217391305,37.518337904,127.100466298
2023-01-01,V02Q1940735,3.282608695652174,44.130434782608695,37.568406512,127.033660707
2023-01-01,V02Q1940736,1.9869565217391305,47.30434782608695,37.504194933,127.128187719
2023-01-01,V02Q1940737,1.3695652173913044,50.30434782608695,37.605426219,126.967444876
2023-01-01,V02Q1940738,2.234782608695652,47.130434782608695,37.55137214,127.021554176
2023-01-01,V02Q1940739,2.7130434782608694,46.608695652173914,37.54976209,127.019608782
2023-01-01,V02Q1940740,2.247826086956522,46.130434782608695,37.527061611,126.848060521
2023-01-01,V02Q1940741,1.708695652173913,48.47826086956522,37.53575061,126.878573682
2023-01-01,V02Q1940742,2.8739130434782605,44.04347826086956,37.501040267,127.109739451
2023-01-01,V02Q1940743,2.882608695652174,46.17391304347826,37.536419649,127.056427019
2023-01-01,V02Q1940744,2.5043478260869567,44.91304347826087,37.544751429,127.053111792
2023-01-01,V02Q1940745,2.4217391304347826,46.30434782608695,37.49410576,127.141490229
2023-01-01,V02Q1940746,2.239130434782609,45.608695652173914,37.632189703,127.021742016
2023-01-01,V02Q1940747,2.5608695652173914,45.30434782608695,37.499725999,126.951396216
2023-01-01,V02Q1940748,2.817391304347826,47.08695652173913,37.537369863,127.050872231
2023-01-01,V02Q1940749,2.256521739130435,46.95652173913044,37.525240254,126.84225655
2023-01-01,V02Q1940750,2.282608695652174,47.78260869565217,37.521971144,126.835908342
2023-01-01,V02Q1940751,3.6608695652173915,41.69565217391305,37.498488698,126.889502495
2023-01-01,V02Q1940752,1.1956521739130435,48.91304347826087,37.654166168,127.029228176
2023-01-01,V02Q1940753,2.747826086956522,45.26086956521739,37.549364662,127.026655727
2023-01-01,V02Q1940754,2.639130434782609,46.52173913043478,37.521659762,126.842681235
2023-01-01,V02Q1940755,3.243478260869565,43.04347826086956,37.658856107,127.068500793
2023-01-01,V02Q1940756,2.9391304347826086,43.95652173913044,37.500073592,126.932438141
2023-01-01,V02Q1940757,3.1478260869565218,43.30434782608695,37.496722627,127.14285725
2023-01-01,V02Q1940758,3.856521739130435,41.47826086956522,37.560119488,127.031606382
2023-01-01,V02Q1940759,2.239130434782609,47.82608695652174,37.536645964,126.88301739
2023-01-01,V02Q1940760,1.565217391304348,48.21739130434783,37.517602426,126.846920703
2023-01-01,V02Q1940761,2.639130434782609,46.0,37.564052441,127.044484399
2023-01-01,V02Q1940762,2.926086956521739,45.608695652173914,37.540245113,126.864421104
2023-01-01,V02Q1940763,3.426086956521739,42.47826086956522,37.626592071,127.034623328
2023-01-01,V02Q1940764,1.1782608695652175,51.869565217391305,37.515301061,127.134073236
2023-01-01,V02Q1940765,2.1,45.30434782608695,37.510731657,126.870535412
2023-01-01,V02Q1940766,1.0739130434782609,52.08695652173913,37.545652837,126.863101671
2023-01-01,V02Q1940767,2.6869565217391305,45.91304347826087,37.502603852,127.092310875
2023-01-01,V02Q1940768,2.008695652173913,47.30434782608695,37.47825069,127.139244579
2023-01-01,V02Q1940769,3.039130434782609,43.91304347826087,37.527865321,126.855726795
2023-01-01,V02Q1940770,2.1782608695652175,50.26086956521739,37.549876301,127.129477775
2023-01-01,V02Q1940771,2.882608695652174,44.130434782608695,37.535134263,126.883508056
2023-01-01,V02Q1940772,2.4391304347826086,44.82608695652174,37.503631193,127.103503284
2023-01-01,V02Q1940773,2.8043478260869565,45.47826086956522,37.528560458,126.859175524
2023-01-01,V02Q1940774,2.4869565217391307,46.17391304347826,37.538516483,126.878243997
2023-01-01,V02Q1940775,2.6739130434782608,44.65217391304348,37.505801455,127.109663753
2023-01-01,V02Q1940776,2.034782608695652,48.65217391304348,37.539684296,126.875026391
2023-01-01,V02Q1940777,1.6521739130434783,47.95652173913044,37.458870577,126.905912208
2023-01-01,V02Q1940778,2.865217391304348,44.0,37.522590739,126.875548119
2023-01-01,V02Q1940779,1.952173913043478,47.608695652173914,37.544958729,127.09430475
2023-01-01,V02Q1940780,1.4043478260869564,49.17391304347826,37.564698899,126.975981023
2023-01-01,V02Q1940781,2.217391304347826,47.130434782608695,37.506153683,127.084756221
2023-01-01,V02Q1940782,2.6565217391304348,47.52173913043478,37.54467828,126.835104168
2023-01-01,V02Q1940783,2.1217391304347823,45.391304347826086,37.639645297,127.038053156
2023-01-01,V02Q1940784,2.9695652173913043,44.391304347826086,37.498247757,127.126296648
2023-01-01,V02Q1940785,2.743478260869565,44.65217391304348,37.576145706,127.02883617
2023-01-01,V02Q1940786,2.682608695652174,45.130434782608695,37.542101542,127.049671321
2023-01-01,V02Q1940787,1.9739130434782608,47.47826086956522,37.512955044,127.094661921
2023-01-01,V02Q1940788,1.547826086956522,49.69565217391305,37.509547855,127.074152379
2023-01-01,V02Q1940789,2.38695652173913,45.608695652173914,37.517551605,127.047995114
2023-01-01,V02Q1940790,3.026086956521739,44.47826086956522,37.514278277,127.112258966
2023-01-01,V02Q1940791,2.9869565217391307,43.21739130434783,37.496381776,127.149019387
2023-01-01,V02Q1940792,2.152173913043478,46.95652173913044,37.538422726,126.864529956
2023-01-01,V02Q1940793,2.6217391304347823,44.73913043478261,37.49345737,127.146171024
2023-01-01,V02Q1940794,2.3782608695652177,47.30434782608695,37.545732009,126.867770586
2023-01-01,V02Q1940795,2.2913043478260873,47.130434782608695,37.524096897,126.837258847
2023-01-01,V02Q1940796,4.239130434782608,41.47826086956522,37.574848152,127.019982768
2023-01-01,V02Q1940797,0.8652173913043477,54.82608695652174,37.597376662,126.963432166
2023-01-01,V02Q1940798,2.3043478260869565,47.82608695652174,37.545037857,127.136812004
2023-01-01,V02Q1940799,2.808695652173913,43.391304347826086,37.637816803,127.03827096
2023-01-01,V02Q1940800,2.5565217391304347,46.30434782608695,37.519992859,127.1122492
2023-01-01,V02Q1940801,2.134782608695652,45.95652173913044,37.51402198,126.874001416
2023-01-01,V02Q1940802,2.282608695652174,45.869565217391305,37.605283318,126.966737815
2023-01-01,V02Q1940804,1.5695652173913044,48.69565217391305,37.51386369,126.852967
2023-01-01,V02Q1940805,1.0695652173913044,49.869565217391305,37.51324732,126.834924842
2023-01-01,V02Q1940806,1.5869565217391304,49.65217391304348,37.548031985,126.866797402
2023-01-01,V02Q1940807,3.465217391304348,41.869565217391305,37.573115622,127.020059004
2023-01-01,V02Q1940808,1.2695652173913043,50.91304347826087,37.568745241,126.968764924
2023-01-01,V02Q1940809,2.882608695652174,46.17391304347826,37.543642972,126.881352303
2023-01-01,V02Q1940810,2.108695652173913,46.869565217391305,37.573677936,127.013204061
2023-01-01,V02Q1940811,1.7782608695652173,49.26086956521739,37.52727312,127.116249051
2023-01-01,V02Q1940812,1.6695652173913043,50.91304347826087,37.549837884,127.110488168
2023-01-01,V02Q1940813,2.008695652173913,51.52173913043478,37.554617778,126.895956014
2023-01-01,V02Q1940814,2.1478260869565218,45.95652173913044,37.519384614,126.854668099
2023-01-01,V02Q1940815,1.9695652173913043,49.08695652173913,37.529991554,127.071004875
2023-01-01,V02Q1940816,1.2956521739130435,52.56521739130435,37.512412076,126.998682806
2023-01-01,V02Q1940817,3.317391304347826,43.30434782608695,37.584479904,126.996923175
2023-01-01,V02Q1940818,2.9130434782608696,44.52173913043478,37.570741306,127.016374099
2023-01-01,V02Q1940819,3.4826086956521736,42.34782608695652,37.507344263,127.104688643
2023-01-01,V02Q1940820,2.243478260869565,45.78260869565217,37.511054225,127.102261793
2023-01-01,V02Q1940821,2.9782608695652173,45.0,37.502832774,127.108694904
2023-01-01,V02Q1940822,2.5782608695652174,47.17391304347826,37.575423844,126.957780596
2023-01-01,V02Q1940823,2.3434782608695652,45.91304347826087,37.635061606,127.018162863
2023-01-01,V02Q1940825,2.221739130434783,49.17391304347826,37.5373595,127.1215212
2023-01-01,V02Q1940826,2.5739130434782607,45.21739130434783,37.520384235,126.878024994
2023-01-01,V02Q1940827,2.408695652173913,47.65217391304348,37.583250447,127.005814953
2023-01-01,V02Q1940828,2.5217391304347827,46.34782608695652,37.561332045,127.039688831
2023-01-01,V02Q1940829,1.6565217391304348,50.0,37.537271352,126.904317333
2023-01-01,V02Q1940830,1.6565217391304348,52.26086956521739,37.521488691,126.959447221
2023-01-01,V02Q1940832,3.404347826086956,43.26086956521739,37.511768309,127.124209484
2023-01-01,V02Q1940833,1.9217391304347824,50.69565217391305,37.57131077,126.870825226
2023-01-01,V02Q1940834,2.6391304347826083,44.65217391304348,37.480982188,126.97164899
2023-01-01,V02Q1940835,2.591304347826087,45.47826086956522,37.521157149,126.861140014
2023-01-01,V02Q1940836,2.282608695652174,48.391304347826086,37.526004651,126.913353225
2023-01-01,V02Q1940837,1.8521739130434782,48.608695652173914,37.58414084,126.970563131
2023-01-01,V02Q1940838,1.3391304347826087,49.869565217391305,37.518415373,127.068059148
2023-01-01,V02Q1940839,3.139130434782609,45.08695652173913,37.571218817,126.990608589
2023-01-01,V02Q1940840,1.2782608695652173,49.56521739130435,37.58188025,126.998152524
2023-01-01,V02Q1940841,2.634782608695652,44.869565217391305,37.572037343,127.005041449
2023-01-01,V02Q1940842,2.3043478260869565,46.95652173913044,37.55214248,127.03558479
2023-01-01,V02Q1940843,1.6608695652173915,49.17391304347826,37.578936514,126.98591264
2023-01-01,V02Q1940845,3.4434782608695653,42.91304347826087,37.489764064,127.124285811
2023-01-01,V02Q1940846,2.778260869565217,45.34782608695652,37.637396377,127.039003681
2023-01-01,V02Q1940847,2.152173913043478,47.30434782608695,37.489683491,127.111908205
2023-01-01,V02Q1940848,3.169565217391304,45.04347826086956,37.577698183,127.006748049
2023-01-01,V02Q1940849,2.7913043478260873,45.91304347826087,37.535559655,126.832836517
2023-01-01,V02Q1940850,2.2304347826086954,47.04347826086956,37.524978134,126.897443763
2023-01-01,V02Q1940851,2.1913043478260867,48.391304347826086,37.550390853,127.128292179
2023-01-01,V02Q1940853,1.517391304347826,49.130434782608695,37.535219493,126.839853581
2023-01-01,V02Q1940854,3.6478260869565218,43.95652173913044,37.555590595,126.905532976
2023-01-01,V02Q1940855,3.317391304347826,43.608695652173914,37.524553208,126.855789231
2023-01-01,V02Q1940857,1.1347826086956523,50.82608695652174,37.588018361,126.983856948
2023-01-01,V02Q1940858,2.778260869565217,44.391304347826086,37.488216158,126.885138117
2023-01-01,V02Q1940859,0.7521739130434782,51.26086956521739,37.592431514,126.964090572
2023-01-01,V02Q1940860,2.891304347826087,44.608695652173914,37.533442403,127.080963254
2023-01-01,V02Q1940861,1.9869565217391305,46.34782608695652,37.509089509,126.866846473
2023-01-01,V02Q1940862,2.2956521739130435,45.78260869565217,37.488878537,126.88511572
2023-01-01,V02Q1940863,2.356521739130435,45.17391304347826,37.518876054,126.87108939
2023-01-01,V02Q1940864,2.356521739130435,46.17391304347826,37.525767618,126.875374358
2023-01-01,V02Q1940865,1.9695652173913043,48.78260869565217,37.5463523,126.8748658
2023-01-01,V02Q1940866,2.652173913043478,45.17391304347826,37.558038604,127.029649353
2023-01-01,V02Q1940867,1.4913043478260868,50.04347826086956,37.545028041,126.864660671
2023-01-01,V02Q1940868,3.617391304347826,42.78260869565217,37.560512835,127.052853492
2023-01-01,V02Q1940869,1.6130434782608696,48.17391304347826,37.525350406,126.837774004
2023-01-01,V02Q1940870,2.6869565217391305,47.52173913043478,37.538102738,127.046880664
2023-01-01,V02Q1940871,3.0173913043478264,45.82608695652174,37.57114665,127.037105979
2023-01-01,V02Q1940872,1.6347826086956523,49.78260869565217,37.610592648,126.932995739
2023-01-01,V02Q1940873,2.134782608695652,50.78260869565217,37.53247211,127.114301129
2023-01-01,V02Q1940874,2.2,47.69565217391305,37.519336516,126.850006232
2023-01-01,V02Q1940875,2.508695652173913,47.04347826086956,37.578529489,127.009067983
2023-01-01,V02Q1940876,1.908695652173913,49.130434782608695,37.543050815,126.869092177
2023-01-01,V02Q1940877,1.4391304347826088,49.130434782608695,37.607870193,126.956372518
2023-01-01,V02Q1940878,2.0695652173913044,47.52173913043478,37.524414166,126.93701344
2023-01-01,V02Q1940879,3.6260869565217395,41.43478260869565,37.606667961,127.027318073
2023-01-01,V02Q1940882,2.7,45.08695652173913,37.584898881,127.094025798
2023-01-01,V02Q1940884,3.3434782608695657,43.130434782608695,37.487397413,126.927124363
2023-01-01,V02Q1940885,2.3304347826086955,45.608695652173914,37.659896978,127.068541738
2023-01-01,V02Q1940886,2.8260869565217392,45.608695652173914,37.582438821,126.982104196
2023-01-01,V02Q1940887,3.960869565217391,42.73913043478261,37.502749128,127.09252424
2023-01-01,V02Q1940888,3.1999999999999997,43.91304347826087,37.563073533,127.081994745
2023-01-01,V02Q1940889,3.608695652173913,42.130434782608695,37.63994636,127.0360107
2023-01-01,V02Q1940935,2.621739130434783,45.130434782608695,37.564433,126.97561
2023-01-01,V02Q1940941,2.739130434782609,45.73913043478261,37.509088133,127.084056858
2023-01-01,V02Q1940942,2.1,48.08695652173913,37.532462634,126.833076323
2023-01-01,V02Q1940943,1.9869565217391305,48.26086956521739,37.548507166,126.864648122
2023-01-01,V02Q1940944,3.7304347826086954,42.65217391304348,37.60504164,127.075432599
2023-01-01,V02Q1940945,2.5652173913043477,48.21739130434783,37.555243706,126.906902824
2023-01-01,V02Q1940947,2.6739130434782608,45.391304347826086,37.499025801,126.952012252
2023-01-01,V02Q1940948,3.0434782608695654,43.34782608695652,37.47007655,126.907222998
2023-01-01,V02Q1940949,2.630434782608696,44.47826086956522,37.630375704,127.022627851
2023-01-01,V02Q1940950,2.739130434782609,44.65217391304348,37.622809925,127.074963276
2023-01-01,V02Q1940951,3.895652173913043,42.95652173913044,37.531246089,126.836128493
2023-01-01,V02Q1940952,3.256521739130435,43.43478260869565,37.488708568,126.978633256
2023-01-01,V02Q1940953,2.247826086956522,46.69565217391305,37.489030413,127.067883398
2023-01-01,V02Q1940955,2.0130434782608697,48.56521739130435,37.504580588,126.99450118
2023-01-01,V02Q1941000,3.1217391304347823,44.47826086956522,37.4871672,126.9259298
2023-01-01,V02Q1941006,2.1695652173913045,49.73913043478261,37.5552571,126.9042671
2023-01-01,V02Q1941013,3.1739130434782608,44.30434782608695,37.5245308,126.855007
2023-01-01,V02Q1941015,2.4521739130434783,47.52173913043478,37.5416558,127.0482802
